##
## Overriding keys
##

items-per-page=Items (Automatic Translation)
my-public-pages=User Profile (Automatic Translation)
terms-of-use=Privacy Policy (Automatic Translation)
you-must-agree-to-the-terms-of-use=You must agree to the terms of use (Automatic Translation)

##
## Custom Keys
##

Partners-Geography=Geography (Automatic Translation)
Partners-Level=Level (Automatic Translation)
Partners-Type=Type (Automatic Translation)
Stories-Geography=Geography (Automatic Translation)
Stories-Industry=Industry (Automatic Translation)
Stories-Use-Case=Use Case (Automatic Translation)
account-manager=Account Manager (Automatic Translation)
afghanistan-2=Afghanistan (Automatic Translation)
afghanistan=Afghanistan (Automatic Translation)
albania-2=Albania (Automatic Translation)
albania=Albania (Automatic Translation)
algeria-2=Algeria (Automatic Translation)
algeria=Algeria (Automatic Translation)
all-rights-reserved=All Rights Reserved (Automatic Translation)
american-samoa-2=American Samoa (Automatic Translation)
american-samoa=American Samoa (Automatic Translation)
analyst-firm=Analyst firm (Automatic Translation)
andorra-2=Andorra (Automatic Translation)
andorra=Andorra (Automatic Translation)
angola-2=Angola (Automatic Translation)
angola=Angola (Automatic Translation)
anguilla-2=Anguilla (Automatic Translation)
anguilla=Anguilla (Automatic Translation)
antarctica-2=Antarctica (Automatic Translation)
antarctica=Antarctica (Automatic Translation)
antigua-2=Antigua (Automatic Translation)
antigua=Antigua (Automatic Translation)
argentina-2=Argentina (Automatic Translation)
argentina=Argentina (Automatic Translation)
armenia-2=Armenia (Automatic Translation)
armenia=Armenia (Automatic Translation)
aruba-2=Aruba (Automatic Translation)
aruba=Aruba (Automatic Translation)
australia-2=Australia (Automatic Translation)
australia=Australia (Automatic Translation)
austria-2=Austria (Automatic Translation)
austria=Austria (Automatic Translation)
automotive=Automotive (Automatic Translation)
azerbaijan-2=Azerbaijan (Automatic Translation)
azerbaijan=Azerbaijan (Automatic Translation)
bahamas-2=Bahamas (Automatic Translation)
bahamas=Bahamas (Automatic Translation)
bahrain-2=Bahrain (Automatic Translation)
bahrain=Bahrain (Automatic Translation)
bangladesh-2=Bangladesh (Automatic Translation)
bangladesh=Bangladesh (Automatic Translation)
barbados-2=Barbados (Automatic Translation)
barbados=Barbados (Automatic Translation)
bea-weblogic=BEA WebLogic (Automatic Translation)
belarus-2=Belarus (Automatic Translation)
belarus=Belarus (Automatic Translation)
belgium-2=Belgium (Automatic Translation)
belgium=Belgium (Automatic Translation)
belize-2=Belize (Automatic Translation)
belize=Belize (Automatic Translation)
benin-2=Benin (Automatic Translation)
benin=Benin (Automatic Translation)
bermuda-2=Bermuda (Automatic Translation)
bermuda=Bermuda (Automatic Translation)
bhutan-2=Bhutan (Automatic Translation)
bhutan=Bhutan (Automatic Translation)
blog=Blog (Automatic Translation)
bolivia-2=Bolivia (Automatic Translation)
bolivia=Bolivia (Automatic Translation)
bosnia-herzegovina-2=Bosnia-Herzegovina (Automatic Translation)
bosnia-herzegovina=Bosnia-Herzegovina (Automatic Translation)
botswana-2=Botswana (Automatic Translation)
botswana=Botswana (Automatic Translation)
brazil-2=Brazil (Automatic Translation)
brazil=Brazil (Automatic Translation)
british-virgin-islands-2=British Virgin Islands (Automatic Translation)
british-virgin-islands=British Virgin Islands (Automatic Translation)
brunei-2=Brunei (Automatic Translation)
brunei=Brunei (Automatic Translation)
bulgaria-2=Bulgaria (Automatic Translation)
bulgaria=Bulgaria (Automatic Translation)
burkina-faso-2=Burkina Faso (Automatic Translation)
burkina-faso=Burkina Faso (Automatic Translation)
burma-myanmar-2=Burma (Myanmar) (Automatic Translation)
burma-myanmar=Burma (Myanmar) (Automatic Translation)
burundi-2=Burundi (Automatic Translation)
burundi=Burundi (Automatic Translation)
business-development=Business Development (Automatic Translation)
cambodia-2=Cambodia (Automatic Translation)
cambodia=Cambodia (Automatic Translation)
cameroon-2=Cameroon (Automatic Translation)
cameroon=Cameroon (Automatic Translation)
canada-2=Canada (Automatic Translation)
canada=Canada (Automatic Translation)
cape-verde-island-2=Cape Verde Island (Automatic Translation)
cape-verde-island=Cape Verde Island (Automatic Translation)
cayman-islands-2=Cayman Islands (Automatic Translation)
cayman-islands=Cayman Islands (Automatic Translation)
central-african-republic-2=Central African Republic (Automatic Translation)
central-african-republic=Central African Republic (Automatic Translation)
chad-2=Chad (Automatic Translation)
chad=Chad (Automatic Translation)
chile-2=Chile (Automatic Translation)
chile=Chile (Automatic Translation)
china-2=China (Automatic Translation)
china=China (Automatic Translation)
christmas-island-2=Christmas Island (Automatic Translation)
christmas-island=Christmas Island (Automatic Translation)
cocos-islands-2=Cocos Islands (Automatic Translation)
cocos-islands=Cocos Islands (Automatic Translation)
collaboration-platform=Collaboration Platform (Automatic Translation)
colombia-2=Colombia (Automatic Translation)
colombia=Colombia (Automatic Translation)
comoros-2=Comoros (Automatic Translation)
comoros=Comoros (Automatic Translation)
company-info=Company Info (Automatic Translation)
company-role=Role (Automatic Translation)
consultant-contractor=Consultant/Contractor (Automatic Translation)
contact-us=Contact Us (Automatic Translation)
content-management-solution=Content Management Solution (Automatic Translation)
cook-islands-2=Cook Islands (Automatic Translation)
cook-islands=Cook Islands (Automatic Translation)
costa-rica-2=Costa Rica (Automatic Translation)
costa-rica=Costa Rica (Automatic Translation)
croatia-2=Croatia (Automatic Translation)
croatia=Croatia (Automatic Translation)
cuba-2=Cuba (Automatic Translation)
cuba=Cuba (Automatic Translation)
customer-portal=Customer Portal (Automatic Translation)
customer-service=Customer Service (Automatic Translation)
cyprus-2=Cyprus (Automatic Translation)
cyprus=Cyprus (Automatic Translation)
czech-republic-2=Czech Republic (Automatic Translation)
czech-republic=Czech Republic (Automatic Translation)
data-processing-solution=Data Processing Solution (Automatic Translation)
democratic-republic-of-congo-2=Democratic Republic of Congo (Automatic Translation)
democratic-republic-of-congo=Democratic Republic of Congo (Automatic Translation)
denmark-2=Denmark (Automatic Translation)
denmark=Denmark (Automatic Translation)
displayed-content-must-contain-the-following-categories=Displayed content must contain the following categories. (Automatic Translation)
displayed-content-must-not-contain-the-following-categories=Displayed content must NOT contain the following categories. (Automatic Translation)
djibouti-2=Djibouti (Automatic Translation)
djibouti=Djibouti (Automatic Translation)
dominica-2=Dominica (Automatic Translation)
dominica=Dominica (Automatic Translation)
dominican-republic-2=Dominican Republic (Automatic Translation)
dominican-republic=Dominican Republic (Automatic Translation)
e-commerce=E-Commerce (Automatic Translation)
ecommerce-site=E-Commerce Site (Automatic Translation)
ecuador-2=Ecuador (Automatic Translation)
ecuador=Ecuador (Automatic Translation)
edited-by=Edited by (Automatic Translation)
education=Education (Automatic Translation)
egypt-2=Egypt (Automatic Translation)
egypt=Egypt (Automatic Translation)
el-salvador-2=El Salvador (Automatic Translation)
el-salvador=El Salvador (Automatic Translation)
email-document=Email Document (Automatic Translation)
employee-portal=Employee Portal (Automatic Translation)
engineering=Engineering (Automatic Translation)
enter-search-word-or-phrase=Enter search word or phrase (Automatic Translation)
entertainment-media=Entertainment & Media (Automatic Translation)
equatorial-guinea-2=Equatorial Guinea (Automatic Translation)
equatorial-guinea=Equatorial Guinea (Automatic Translation)
eritrea-2=Eritrea (Automatic Translation)
eritrea=Eritrea (Automatic Translation)
estonia-2=Estonia (Automatic Translation)
estonia=Estonia (Automatic Translation)
ethiopia-2=Ethiopia (Automatic Translation)
ethiopia=Ethiopia (Automatic Translation)
executive-management=Executive Management (Automatic Translation)
faeroe-islands-2=Faeroe Islands (Automatic Translation)
faeroe-islands=Faeroe Islands (Automatic Translation)
falkland-islands-2=Falkland Islands (Automatic Translation)
falkland-islands=Falkland Islands (Automatic Translation)
fiji-islands-2=Fiji Islands (Automatic Translation)
fiji-islands=Fiji Islands (Automatic Translation)
filter-by-the-following-vocabularies=Filter by the following vocabularies (Automatic Translation)
filter-by=Filter by (Automatic Translation)
finance-accounting=Finance/Accounting (Automatic Translation)
finance-financial-services=Finance / Financial Services (Automatic Translation)
financial-services=Financial Services (Automatic Translation)
finland-2=Finland (Automatic Translation)
finland=Finland (Automatic Translation)
france-2=France (Automatic Translation)
france=France (Automatic Translation)
french-guiana-2=French Guiana (Automatic Translation)
french-guiana=French Guiana (Automatic Translation)
french-polynesia-2=French Polynesia (Automatic Translation)
french-polynesia=French Polynesia (Automatic Translation)
gabon-2=Gabon (Automatic Translation)
gabon=Gabon (Automatic Translation)
gambia-2=Gambia (Automatic Translation)
gambia=Gambia (Automatic Translation)
gated-asset=Gated Asset (Automatic Translation)
georgia-2=Georgia (Automatic Translation)
georgia=Georgia (Automatic Translation)
germany-2=Germany (Automatic Translation)
germany=Germany (Automatic Translation)
ghana-2=Ghana (Automatic Translation)
ghana=Ghana (Automatic Translation)
gibraltar-2=Gibraltar (Automatic Translation)
gibraltar=Gibraltar (Automatic Translation)
go-to-user-profile=go to user profile (Automatic Translation)
gold=Gold (Automatic Translation)
greece-2=Greece (Automatic Translation)
greece=Greece (Automatic Translation)
greenland-2=Greenland (Automatic Translation)
greenland=Greenland (Automatic Translation)
grenada-2=Grenada (Automatic Translation)
grenada=Grenada (Automatic Translation)
guadeloupe-2=Guadeloupe (Automatic Translation)
guadeloupe=Guadeloupe (Automatic Translation)
guam-2=Guam (Automatic Translation)
guam=Guam (Automatic Translation)
guatemala-2=Guatemala (Automatic Translation)
guatemala=Guatemala (Automatic Translation)
guinea-2=Guinea (Automatic Translation)
guinea-bissau-2=Guinea-Bissau (Automatic Translation)
guinea-bissau=Guinea-Bissau (Automatic Translation)
guinea=Guinea (Automatic Translation)
guyana-2=Guyana (Automatic Translation)
guyana=Guyana (Automatic Translation)
haiti-2=Haiti (Automatic Translation)
haiti=Haiti (Automatic Translation)
honduras-2=Honduras (Automatic Translation)
honduras=Honduras (Automatic Translation)
hong-kong-2=Hong Kong (Automatic Translation)
hong-kong=Hong Kong (Automatic Translation)
how-did-you-hear-about-liferay=How did you hear about Liferay? (Automatic Translation)
hr-recruitment=HR/Recruitment (Automatic Translation)
hungary-2=Hungary (Automatic Translation)
hungary=Hungary (Automatic Translation)
i-have-read-and-agree-to-the-privacy-policy=I have read and agree to the privacy policy (Automatic Translation)
i-have-read-and-agree-to-the-terms-of-use=I have read and agree to the terms of use (Automatic Translation)
iceland-2=Iceland (Automatic Translation)
iceland=Iceland (Automatic Translation)
india-2=India (Automatic Translation)
india=India (Automatic Translation)
indonesia-2=Indonesia (Automatic Translation)
indonesia=Indonesia (Automatic Translation)
intranet=Intranet (Automatic Translation)
iran-2=Iran (Automatic Translation)
iran=Iran (Automatic Translation)
iraq-2=Iraq (Automatic Translation)
iraq=Iraq (Automatic Translation)
ireland-2=Ireland (Automatic Translation)
ireland=Ireland (Automatic Translation)
israel-2=Israel (Automatic Translation)
israel=Israel (Automatic Translation)
it-and-hi-tech=IT and Hi-tech (Automatic Translation)
italy-2=Italy (Automatic Translation)
italy=Italy (Automatic Translation)
ivory-coast-2=Ivory Coast (Automatic Translation)
ivory-coast=Ivory Coast (Automatic Translation)
jamaica-2=Jamaica (Automatic Translation)
jamaica=Jamaica (Automatic Translation)
japan-2=Japan (Automatic Translation)
japan=Japan (Automatic Translation)
jordan-2=Jordan (Automatic Translation)
jordan=Jordan (Automatic Translation)
journalism=Journalism (Automatic Translation)
kazakhstan-2=Kazakhstan (Automatic Translation)
kazakhstan=Kazakhstan (Automatic Translation)
kenya-2=Kenya (Automatic Translation)
kenya=Kenya (Automatic Translation)
kiribati-2=Kiribati (Automatic Translation)
kiribati=Kiribati (Automatic Translation)
kuwait-2=Kuwait (Automatic Translation)
kuwait=Kuwait (Automatic Translation)
kyrgyzstan-2=Kyrgyzstan (Automatic Translation)
kyrgyzstan=Kyrgyzstan (Automatic Translation)
laos-2=Laos (Automatic Translation)
laos=Laos (Automatic Translation)
last-edited-by=Last Edited by (Automatic Translation)
latvia-2=Latvia (Automatic Translation)
latvia=Latvia (Automatic Translation)
lebanon-2=Lebanon (Automatic Translation)
lebanon=Lebanon (Automatic Translation)
legal=Legal (Automatic Translation)
lesotho-2=Lesotho (Automatic Translation)
lesotho=Lesotho (Automatic Translation)
liberia-2=Liberia (Automatic Translation)
liberia=Liberia (Automatic Translation)
libya-2=Libya (Automatic Translation)
libya=Libya (Automatic Translation)
liechtenstein-2=Liechtenstein (Automatic Translation)
liechtenstein=Liechtenstein (Automatic Translation)
liferay-portal-4-3-x-ce-or-older=Liferay Portal 4.3.x CE or older (Automatic Translation)
liferay-portal-4-4-x-ce=Liferay Portal 4.4.x CE (Automatic Translation)
liferay-portal-5-0-x-ce=Liferay Portal 5.0.x CE (Automatic Translation)
liferay-portal-5-1-x-ce=Liferay Portal 5.1.x CE (Automatic Translation)
liferay-portal-5-1-x-ee=Liferay Portal 5.1.x EE (Automatic Translation)
liferay-portal-5-2-x-ce=Liferay Portal 5.2.x CE (Automatic Translation)
liferay-portal-5-2-x-ee=Liferay Portal 5.2.x EE (Automatic Translation)
liferay-portal-6-0-x-ce=Liferayの門脈6.0.xセリウム (Automatic Translation)
liferay-portal-6-0-x-ee=Liferay門脈6.0.x EE (Automatic Translation)
liferay-professional-services-team=Yes, I would like to be contacted by the Liferay Professional Services Team. (Automatic Translation)
liferay-training-and-events=Yes, I would like to be notified of Liferay training and events. (Automatic Translation)
lithuania-2=Lithuania (Automatic Translation)
lithuania=Lithuania (Automatic Translation)
logistics=Logistics (Automatic Translation)
luxembourg-2=Luxembourg (Automatic Translation)
luxembourg=Luxembourg (Automatic Translation)
macau-2=Macau (Automatic Translation)
macau=Macau (Automatic Translation)
macedonia-2=Macedonia (Automatic Translation)
macedonia=Macedonia (Automatic Translation)
madagascar-2=Madagascar (Automatic Translation)
madagascar=Madagascar (Automatic Translation)
malawi-2=Malawi (Automatic Translation)
malawi=Malawi (Automatic Translation)
malaysia-2=Malaysia (Automatic Translation)
malaysia=Malaysia (Automatic Translation)
maldives-2=Maldives (Automatic Translation)
maldives=Maldives (Automatic Translation)
mali-2=Mali (Automatic Translation)
mali=Mali (Automatic Translation)
malta-2=Malta (Automatic Translation)
malta=Malta (Automatic Translation)
manufacturing=Manufacturing (Automatic Translation)
marketing-manager=Marketing Manager (Automatic Translation)
marketing-pr-advertising=Marketing/PR/Advertising (Automatic Translation)
marshall-islands-2=Marshall Islands (Automatic Translation)
marshall-islands=Marshall Islands (Automatic Translation)
martinique-2=Martinique (Automatic Translation)
martinique=Martinique (Automatic Translation)
mauritania-2=Mauritania (Automatic Translation)
mauritania=Mauritania (Automatic Translation)
mauritius-2=Mauritius (Automatic Translation)
mauritius=Mauritius (Automatic Translation)
mayotte-island-2=Mayotte Island (Automatic Translation)
mayotte-island=Mayotte Island (Automatic Translation)
media-and-entertainment=Media and Entertainment (Automatic Translation)
mexico-2=Mexico (Automatic Translation)
mexico=Mexico (Automatic Translation)
micronesia-2=Micronesia (Automatic Translation)
micronesia=Micronesia (Automatic Translation)
microsoft-sharepoint=Microsoft Sharepoint (Automatic Translation)
mis-it-applications-dev=MIS/IT - Applications Dev (Automatic Translation)
mis-it-data-center=MIS/IT - Data Center (Automatic Translation)
mis-it-operations=MIS/IT - Operations (Automatic Translation)
mis-it-security=MIS/IT - Security (Automatic Translation)
mis-it-storage=MIS/IT - Storage (Automatic Translation)
mis-it-telecom=MIS/IT - Telecom (Automatic Translation)
mis-it=MIS/IT (Automatic Translation)
moldova-2=Moldova (Automatic Translation)
moldova=Moldova (Automatic Translation)
monaco-2=Monaco (Automatic Translation)
monaco=Monaco (Automatic Translation)
mongolia-2=Mongolia (Automatic Translation)
mongolia=Mongolia (Automatic Translation)
montenegro-2=Montenegro (Automatic Translation)
montenegro=Montenegro (Automatic Translation)
montserrat-2=Montserrat (Automatic Translation)
montserrat=Montserrat (Automatic Translation)
morocco-2=Morocco (Automatic Translation)
morocco=Morocco (Automatic Translation)
mozambique-2=Mozambique (Automatic Translation)
mozambique=Mozambique (Automatic Translation)
namibia-2=Namibia (Automatic Translation)
namibia=Namibia (Automatic Translation)
nauru-2=Nauru (Automatic Translation)
nauru=Nauru (Automatic Translation)
nepal-2=Nepal (Automatic Translation)
nepal=Nepal (Automatic Translation)
netherlands-2=Netherlands (Automatic Translation)
netherlands-antilles-2=Netherlands Antilles (Automatic Translation)
netherlands-antilles=Netherlands Antilles (Automatic Translation)
netherlands=Netherlands (Automatic Translation)
network-management=Network Management (Automatic Translation)
new-caledonia-2=New Caledonia (Automatic Translation)
new-caledonia=New Caledonia (Automatic Translation)
new-zealand-2=New Zealand (Automatic Translation)
new-zealand=New Zealand (Automatic Translation)
nicaragua-2=Nicaragua (Automatic Translation)
nicaragua=Nicaragua (Automatic Translation)
niger-2=Niger (Automatic Translation)
niger=Niger (Automatic Translation)
nigeria-2=Nigeria (Automatic Translation)
nigeria=Nigeria (Automatic Translation)
niue-2=Niue (Automatic Translation)
niue=Niue (Automatic Translation)
non-profit=Non-Profit (Automatic Translation)
norfolk-island-2=Norfolk Island (Automatic Translation)
norfolk-island=Norfolk Island (Automatic Translation)
north-korea-2=North Korea (Automatic Translation)
north-korea=North Korea (Automatic Translation)
norway-2=Norway (Automatic Translation)
norway=Norway (Automatic Translation)
note-this-document-will-be-sent-to-your-email-address-x=Note: this document will be sent to your email address {0}. (Automatic Copy)
notifications=Notifications (Automatic Translation)
oman-2=Oman (Automatic Translation)
oman=Oman (Automatic Translation)
operations-administration-security=Operations/Administration - Security (Automatic Translation)
operations-administration=Operations/Administration (Automatic Translation)
operations-manager=Operations Manager (Automatic Translation)
oracle-portal=Oracle Portal (Automatic Translation)
pakistan-2=Pakistan (Automatic Translation)
pakistan=Pakistan (Automatic Translation)
palau-2=Palau (Automatic Translation)
palau=Palau (Automatic Translation)
palestine-2=Palestine (Automatic Translation)
palestine=Palestine (Automatic Translation)
panama-2=Panama (Automatic Translation)
panama=Panama (Automatic Translation)
papua-new-guinea-2=Papua New Guinea (Automatic Translation)
papua-new-guinea=Papua New Guinea (Automatic Translation)
paraguay-2=Paraguay (Automatic Translation)
paraguay=Paraguay (Automatic Translation)
partner=Partner (Automatic Translation)
peru-2=Peru (Automatic Translation)
peru=Peru (Automatic Translation)
philippines-2=Philippines (Automatic Translation)
philippines=Philippines (Automatic Translation)
places=Places (Automatic Translation)
platinum=Platinum (Automatic Translation)
please-enter-a-valid-first-middle-and-last-name=Please enter a valid first, middle, and last name. (Automatic Translation)
please-fill-out-the-following-fields=Please fill out the following fields. (Automatic Translation)
please-sign-in-or-create-an-account-before-accessing-this-document=Please sign in or create an account before accessing this document. (Automatic Translation)
please-update-your-profile-to-benefit-from-the-new-features-and-content-on-our-website=Please update your profile to benefit from the new features and content on our website. (Automatic Translation)
poland-2=Poland (Automatic Translation)
poland=Poland (Automatic Translation)
portugal-2=Portugal (Automatic Translation)
portugal=Portugal (Automatic Translation)
powered-by=Powered By (Automatic Translation)
printed-publication=Printed publication (Automatic Translation)
privacy-policy=Privacy Policy (Automatic Translation)
public-website=Public Website (Automatic Translation)
puerto-rico-2=Puerto Rico (Automatic Translation)
puerto-rico=Puerto Rico (Automatic Translation)
purchasing-procurement=Purchasing/Procurement (Automatic Translation)
qatar-2=Qatar (Automatic Translation)
qatar=Qatar (Automatic Translation)
recent-blogger=Recent Blogger (Automatic Translation)
republic-of-congo-2=Republic of Congo (Automatic Translation)
republic-of-congo=Republic of Congo (Automatic Translation)
required-field=Required field (Automatic Translation)
required-questions=Required Questions (Automatic Translation)
research-development=Research/Development (Automatic Translation)
retail-services=Retail & Services (Automatic Translation)
retail=Retail (Automatic Translation)
reunion-island-2=Reunion Island (Automatic Translation)
reunion-island=Reunion Island (Automatic Translation)
romania-2=Romania (Automatic Translation)
romania=Romania (Automatic Translation)
russia-2=Russia (Automatic Translation)
russia=Russia (Automatic Translation)
rwanda-2=Rwanda (Automatic Translation)
rwanda=Rwanda (Automatic Translation)
sales-manager=Sales Manager (Automatic Translation)
sales=Sales (Automatic Translation)
san-marino-2=San Marino (Automatic Translation)
san-marino=San Marino (Automatic Translation)
sao-tome-principe-2=Sao Tome & Principe (Automatic Translation)
sao-tome-principe=Sao Tome & Principe (Automatic Translation)
saudi-arabia-2=Saudi Arabia (Automatic Translation)
saudi-arabia=Saudi Arabia (Automatic Translation)
screenshot-id=Screenshot Id (Automatic Translation)
search-forum=Search Forum (Automatic Translation)
search-this-community=Search this Community (Automatic Translation)
search-website=Search Website (Automatic Translation)
search-wiki=Search Wiki (Automatic Translation)
senegal-2=Senegal (Automatic Translation)
senegal=Senegal (Automatic Translation)
serbia-2=Serbia (Automatic Translation)
serbia=Serbia (Automatic Translation)
services-partner=Services Partner (Automatic Translation)
seychelles-2=Seychelles (Automatic Translation)
seychelles=Seychelles (Automatic Translation)
sierra-leone-2=Sierra Leone (Automatic Translation)
sierra-leone=Sierra Leone (Automatic Translation)
silver=Silver (Automatic Translation)
singapore-2=Singapore (Automatic Translation)
singapore=Singapore (Automatic Translation)
slovakia-2=Slovakia (Automatic Translation)
slovakia=Slovakia (Automatic Translation)
slovenia-2=Slovenia (Automatic Translation)
slovenia=Slovenia (Automatic Translation)
solomon-islands-2=Solomon Islands (Automatic Translation)
solomon-islands=Solomon Islands (Automatic Translation)
solutions-partner=Solutions Partner (Automatic Translation)
somalia-2=Somalia (Automatic Translation)
somalia=Somalia (Automatic Translation)
south-africa-2=South Africa (Automatic Translation)
south-africa=South Africa (Automatic Translation)
south-korea-2=South Korea (Automatic Translation)
south-korea=South Korea (Automatic Translation)
spain-2=Spain (Automatic Translation)
spain=Spain (Automatic Translation)
sri-lanka-2=Sri Lanka (Automatic Translation)
sri-lanka=Sri Lanka (Automatic Translation)
st-helena-2=St. Helena (Automatic Translation)
st-helena=St. Helena (Automatic Translation)
st-kitts-2=St. Kitts (Automatic Translation)
st-kitts=St. Kitts (Automatic Translation)
st-lucia-2=St. Lucia (Automatic Translation)
st-lucia=St. Lucia (Automatic Translation)
st-pierre-miquelon-2=St. Pierre & Miquelon (Automatic Translation)
st-pierre-miquelon=St. Pierre & Miquelon (Automatic Translation)
st-vincent-2=St. Vincent (Automatic Translation)
st-vincent=St. Vincent (Automatic Translation)
started-by=Started by (Automatic Translation)
stories=Stories (Automatic Translation)
student-portal=Student Portal (Automatic Translation)
sudan-2=Sudan (Automatic Translation)
sudan=Sudan (Automatic Translation)
supported-versions=Supported Versions (Automatic Translation)
suriname-2=Suriname (Automatic Translation)
suriname=Suriname (Automatic Translation)
swaziland-2=Swaziland (Automatic Translation)
swaziland=Swaziland (Automatic Translation)
sweden-2=Sweden (Automatic Translation)
sweden=Sweden (Automatic Translation)
switzerland-2=Switzerland (Automatic Translation)
switzerland=Switzerland (Automatic Translation)
syria-2=Syria (Automatic Translation)
syria=Syria (Automatic Translation)
taiwan-2=Taiwan (Automatic Translation)
taiwan=Taiwan (Automatic Translation)
tajikistan-2=Tajikistan (Automatic Translation)
tajikistan=Tajikistan (Automatic Translation)
tanzania-2=Tanzania (Automatic Translation)
tanzania=Tanzania (Automatic Translation)
teaming-solution=Teaming Solution (Automatic Translation)
technical-support=Technical Support (Automatic Translation)
technology-partner=Technology Partner (Automatic Translation)
telecommunications=Telecommunications (Automatic Translation)
thailand-2=Thailand (Automatic Translation)
thailand=Thailand (Automatic Translation)
thank-you-for-your-interest-in-liferay=Thank you for your interest in Liferay! Please first tell us a little about yourself before accessing this document. (Automatic Translation)
the-document-x-has-been-sent-to-your-email-address-x=The document {0} has been sent to your email address {1}. (Automatic Copy)
togo-2=Togo (Automatic Translation)
togo=Togo (Automatic Translation)
tonga-2=Tonga (Automatic Translation)
tonga=Tonga (Automatic Translation)
tracked-asset=Tracked Asset (Automatic Translation)
trade-show-conference=Trade show / conference (Automatic Translation)
training-education=Training/Education (Automatic Translation)
trinidad-tobago-2=Trinidad & Tobago (Automatic Translation)
trinidad-tobago=Trinidad & Tobago (Automatic Translation)
tunisia-2=Tunisia (Automatic Translation)
tunisia=Tunisia (Automatic Translation)
turkey-2=Turkey (Automatic Translation)
turkey=Turkey (Automatic Translation)
turkmenistan-2=Turkmenistan (Automatic Translation)
turkmenistan=Turkmenistan (Automatic Translation)
turks-caicos-2=Turks & Caicos (Automatic Translation)
turks-caicos=Turks & Caicos (Automatic Translation)
tuvalu-2=Tuvalu (Automatic Translation)
tuvalu=Tuvalu (Automatic Translation)
uganda-2=Uganda (Automatic Translation)
uganda=Uganda (Automatic Translation)
ukraine-2=Ukraine (Automatic Translation)
ukraine=Ukraine (Automatic Translation)
united-arab-emirates-2=United Arab Emirates (Automatic Translation)
united-arab-emirates=United Arab Emirates (Automatic Translation)
united-kingdom-2=United Kingdom (Automatic Translation)
united-kingdom=United Kingdom (Automatic Translation)
united-states-2=United States (Automatic Translation)
united-states=United States (Automatic Translation)
update-account=Update Account (Automatic Translation)
uruguay-2=Uruguay (Automatic Translation)
uruguay=Uruguay (Automatic Translation)
user-display-style=User Display Style (Automatic Translation)
uzbekistan-2=Uzbekistan (Automatic Translation)
uzbekistan=Uzbekistan (Automatic Translation)
vanuatu-2=Vanuatu (Automatic Translation)
vanuatu=Vanuatu (Automatic Translation)
vatican-city-2=Vatican City (Automatic Translation)
vatican-city=Vatican City (Automatic Translation)
venezuela-2=Venezuela (Automatic Translation)
venezuela=Venezuela (Automatic Translation)
vietnam-2=Vietnam (Automatic Translation)
vietnam=Vietnam (Automatic Translation)
view-video=View Video (Automatic Translation)
wallis-futuna-2=Wallis & Futuna (Automatic Translation)
wallis-futuna=Wallis & Futuna (Automatic Translation)
web-search=Web search (Automatic Translation)
websphere-portal=Websphere Portal (Automatic Translation)
western-samoa-2=Western Samoa (Automatic Translation)
western-samoa=Western Samoa (Automatic Translation)
what-solution-are-you-currently-using=What solution are you currently using? (Automatic Translation)
word-of-mouth=Word of mouth (Automatic Translation)
yemen-2=Yemen (Automatic Translation)
yemen=Yemen (Automatic Translation)
you-must-agree-to-the-privacy-policy=You must agree to the privacy policy (Automatic Translation)
you-must-agree-to-the-terms-of-use=You must agree to the terms of use (Automatic Translation)
zambia-2=Zambia (Automatic Translation)
zambia=Zambia (Automatic Translation)
zimbabwe-2=Zimbabwe (Automatic Translation)
zimbabwe=Zimbabwe (Automatic Translation)
